impl,n,p,k,d,n_tr,n_te,t_total,t_comp,t_comm,acc,flops,gflops_total,gflops_comp,variant,threads,nodes,reps,t_bcast,t_scatter,t_gather,t_total_std,t_comp_std,t_comm_std,t_total_max,t_comp_max,t_comm_max
mpi,1797,3,7,64,1348,449,0.009564337499999999,0.003514743499999997,0.006049594000000003,0.9844097995545658,116208384.0,12.150176005395043,33.063119399751386,v2,1,2,2,0.0003710075000000002,0.005469390500000001,0.00020919600000000177,0.00032117567818952135,0.00015890032876146343,0.00016227534942805794,0.009564337499999999,0.003514743499999997,0.007011719999999997
mpi,1797,3,7,64,1348,449,0.009234493,0.003979534500000001,0.005254958499999999,0.9844097995545658,116208384.0,12.58416504295363,29.201501833945645,v3,1,2,2,0.00017089600000000024,0.005011214499999999,7.284800000000036e-05,0.00013137054044952043,0.00012589965528348083,5.470885166039597e-06,0.009236143,0.003979534500000001,0.006615748499999999
mpi,1797,7,7,64,1348,449,0.0117925745,0.003221071499999997,0.008571503000000003,0.9844097995545658,116208384.0,9.854369289759417,36.077554937852234,v2,1,2,2,0.0005324659999999988,0.007404942500000003,0.0006340945000000014,2.1114915593015753e-05,5.2690061800116076e-05,3.157514620710032e-05,0.0117925745,0.003221071499999997,0.009627781499999998
mpi,1797,7,7,64,1348,449,0.0118992535,0.0018665829999999998,0.0100326705,0.9844097995545658,116208384.0,9.766023053462977,62.25728188888467,v3,1,2,2,0.0003121675000000018,0.007496404999999999,0.002224097999999999,7.404115105800478e-06,7.814944145674414e-06,1.5219059251474893e-05,0.0119025295,0.0019427804999999996,0.010054748000000002
